epoch,loss,precision
1,0,0
1,1.8999176815057257,59.099999999999994
