epoch,loss
0,0
0,2.2958738803863525
0,2.259504795074463
0,2.2229928970336914
0,2.157219886779785
1,2.157219886779785
