epoch,loss
0,0
0,2.305763006210327
0,2.2617945671081543
0,2.226712703704834
0,2.148308277130127
1,2.148308277130127
