epoch,loss
0,0
0,2.2925422191619873
0,2.2632012367248535
0,2.217188835144043
0,2.141024112701416
1,2.141024112701416
