epoch,loss
0,0
0,2.2988126277923584
0,2.264150619506836
0,2.2304069995880127
0,2.1668081283569336
1,2.1668081283569336
