epoch,loss
0,0
0,2.296170473098755
0,2.268380641937256
0,2.2303547859191895
0,2.163098096847534
1,2.163098096847534
