epoch,loss
0,0
0,2.298287868499756
0,2.2629570960998535
0,2.2320289611816406
0,2.1588475704193115
1,2.1588475704193115
