epoch,loss
0,0
0,2.3100175857543945
0,2.2610766887664795
0,2.2256462574005127
0,2.1579928398132324
1,2.1579928398132324
