epoch,loss
0,0
0,2.296971082687378
0,2.262417793273926
0,2.2267208099365234
0,2.155501127243042
1,2.155501127243042
