epoch,loss
0,0
0,2.3152859210968018
0,2.2742996215820312
0,2.2328317165374756
0,2.158503293991089
1,2.158503293991089
