epoch,loss
0,0
0,2.3001129627227783
0,2.2735416889190674
0,2.231602191925049
0,2.164098024368286
1,2.164098024368286
