epoch,loss
0,0
0,2.3044891357421875
0,2.2623369693756104
0,2.2374017238616943
0,2.170091152191162
1,2.170091152191162
