epoch,loss
0,0
0,2.304826498031616
0,2.2742457389831543
0,2.2321574687957764
0,2.1710312366485596
1,2.1710312366485596
