epoch,loss
0,0
0,2.300706148147583
0,2.2581405639648438
0,2.209712028503418
0,2.1298022270202637
1,2.1298022270202637
