epoch,loss
0,0
0,2.294753074645996
0,2.2694458961486816
0,2.2255570888519287
0,2.1670897006988525
1,2.1670897006988525
