epoch,loss
0,0
1,2.300706148147583
2,2.2581405639648438
3,2.209712028503418
4,2.1298022270202637
5,2.1298022270202637